<?xml version="1.0"?>
<doc>
    <assembly>
        <name>fluxiolib</name>
    </assembly>
    <members>
        <member name="T:fluxiolib.FluxTool">
            <summary>
            Provides all the features provided by <see cref="N:fluxiolib"/>. 
            </summary>
        </member>
        <member name="M:fluxiolib.FluxTool.GetNumInstanceFields_Unsafe(System.Type)">
            <summary>
            필드 개수를 가져옵니다.
            </summary>
            <remarks>
            <see cref="T:System.Runtime.CompilerServices.Unsafe">이 API는 매개변수의 유효성 검사를 수행하지 않습니다.</see>
            </remarks>
            <param name="t">정보를 읽을 타입입니다.</param>
            <returns><paramref name="t"/> 형식이 갖고 있는 필드의 개수입니다.</returns>
        </member>
        <member name="M:fluxiolib.FluxTool.GetNumInstanceFields``1">
            <summary>
            필드 개수를 가져옵니다.
            </summary>
            <typeparam name="T">정보를 읽을 타입입니다.</typeparam>
            <returns><typeparamref name="T"/> 형식이 갖고 있는 필드의 개수입니다.</returns>
        </member>
        <member name="M:fluxiolib.FluxTool.GetNumInstanceFields(System.Type)">
            <summary>
            필드 개수를 가져옵니다.
            </summary>
            <param name="t">정보를 읽을 타입 객체입니다.</param>
            <returns><paramref name="t"/> 형식이 갖고 있는 필드의 개수입니다.</returns>
        </member>
        <member name="M:fluxiolib.FluxTool.GetInstanceField``1(fluxiolib.SStringUtf8,fluxiolib.ProtFlags,fluxiolib.TypeFlags,fluxiolib.FluxSearchSpace)">
            <summary>
			인스턴스 필드를 검색합니다.
		</summary><param name="utf8Name">UTF8로 인코딩된 이름으로, 찾을 이름입니다. 이 값은 낮은 우선 순위로 탐색에 사용됩니다.</param><returns>
			메소드가 성공하여 필드를 찾은 경우 <see cref="P:fluxiolib.FluxRuntimeFieldDesc.IsNull" /> = <see langword="false" /> 입니다.
			그렇지 않은 경우, <see langword="true" /> 입니다.
		</returns>
            <param name="protection">찾고자하는 필드의 접근제한자 특징 마스크입니다. 이 값은 보통 우선 순위로 탐색에 사용됩니다.</param><param name="cortype">찾고자하는 필드의 타입 특징 마스크입니다. 이 값은 보통 우선 순위로 탐색에 사용됩니다.</param><param name="space">찾고자하는 필드의 검색 공간 범위 입니다. 이 값은 높은 순위로 탐색에 사용됩니다.</param>
            <typeparam name="T">검색을 수행할 대상 유형(Type)입니다.</typeparam>
        </member>
        <member name="M:fluxiolib.FluxTool.GetInstanceField(System.Type,fluxiolib.SStringUtf8,fluxiolib.ProtFlags,fluxiolib.TypeFlags,fluxiolib.FluxSearchSpace)">
            <summary>
			인스턴스 필드를 검색합니다.
		</summary><param name="utf8Name">UTF8로 인코딩된 이름으로, 찾을 이름입니다. 이 값은 낮은 우선 순위로 탐색에 사용됩니다.</param><returns>
			메소드가 성공하여 필드를 찾은 경우 <see cref="P:fluxiolib.FluxRuntimeFieldDesc.IsNull" /> = <see langword="false" /> 입니다.
			그렇지 않은 경우, <see langword="true" /> 입니다.
		</returns>
            <param name="protection">찾고자하는 필드의 접근제한자 특징 마스크입니다. 이 값은 보통 우선 순위로 탐색에 사용됩니다.</param><param name="cortype">찾고자하는 필드의 타입 특징 마스크입니다. 이 값은 보통 우선 순위로 탐색에 사용됩니다.</param><param name="space">찾고자하는 필드의 검색 공간 범위 입니다. 이 값은 높은 순위로 탐색에 사용됩니다.</param>
            <param name="t">검색을 수행할 대상 타입을 표현하는 객체입니다.</param><remarks>
			<paramref name="t" />가 <see cref="P:System.Type.IsGenericTypeDefinition" />를 True로 표시하면 이 메소드는 항상 실패합니다.
		</remarks>
        </member>
        <member name="M:fluxiolib.FluxTool.GetInstanceField_Unsafe(System.Type,fluxiolib.SStringUtf8,fluxiolib.ProtFlags,fluxiolib.TypeFlags,fluxiolib.FluxSearchSpace)">
            <summary>
			인스턴스 필드를 검색합니다.
		</summary><param name="utf8Name">UTF8로 인코딩된 이름으로, 찾을 이름입니다. 이 값은 낮은 우선 순위로 탐색에 사용됩니다.</param><returns>
			메소드가 성공하여 필드를 찾은 경우 <see cref="P:fluxiolib.FluxRuntimeFieldDesc.IsNull" /> = <see langword="false" /> 입니다.
			그렇지 않은 경우, <see langword="true" /> 입니다.
		</returns>
            <param name="protection">찾고자하는 필드의 접근제한자 특징 마스크입니다. 이 값은 보통 우선 순위로 탐색에 사용됩니다.</param><param name="cortype">찾고자하는 필드의 타입 특징 마스크입니다. 이 값은 보통 우선 순위로 탐색에 사용됩니다.</param><param name="space">찾고자하는 필드의 검색 공간 범위 입니다. 이 값은 높은 순위로 탐색에 사용됩니다.</param>
            <param name="t">검색을 수행할 대상 타입을 표현하는 객체입니다.</param><remarks>
			<see cref="T:System.Runtime.CompilerServices.Unsafe">이 API는 매개변수나 개체 상태의 유효성을 검사하지 않습니다.</see>
		</remarks>
        </member>
        <member name="M:fluxiolib.FluxTool.GetInstanceFieldList``1(fluxiolib.ProtFlags,fluxiolib.TypeFlags,fluxiolib.FluxSearchSpace)">
            <summary>
			주어진 조건에 따라 필터링하여 지정된 형식의 모든 필드를 조회합니다.
		</summary><returns>
			주어진 조건으로 필터링을 수행하는 열거자 객체의 참조입니다. 조건에 맞는 필드가 없거나, 메소드가 실패하면 빈 배열에 대한 열거자 객체의 참조입니다.
		</returns>
            <param name="protection">찾고자하는 필드의 접근제한자 특징 마스크입니다. 이 값은 보통 우선 순위로 탐색에 사용됩니다.</param><param name="cortype">찾고자하는 필드의 타입 특징 마스크입니다. 이 값은 보통 우선 순위로 탐색에 사용됩니다.</param><param name="space">찾고자하는 필드의 검색 공간 범위 입니다. 이 값은 높은 순위로 탐색에 사용됩니다.</param>
            <typeparam name="T">검색을 수행할 대상 유형(Type)입니다.</typeparam>
        </member>
        <member name="M:fluxiolib.FluxTool.GetInstanceFieldList(System.Type,fluxiolib.ProtFlags,fluxiolib.TypeFlags,fluxiolib.FluxSearchSpace)">
            <summary>
			주어진 조건에 따라 필터링하여 지정된 형식의 모든 필드를 조회합니다.
		</summary><returns>
			주어진 조건으로 필터링을 수행하는 열거자 객체의 참조입니다. 조건에 맞는 필드가 없거나, 메소드가 실패하면 빈 배열에 대한 열거자 객체의 참조입니다.
		</returns>
            <param name="protection">찾고자하는 필드의 접근제한자 특징 마스크입니다. 이 값은 보통 우선 순위로 탐색에 사용됩니다.</param><param name="cortype">찾고자하는 필드의 타입 특징 마스크입니다. 이 값은 보통 우선 순위로 탐색에 사용됩니다.</param><param name="space">찾고자하는 필드의 검색 공간 범위 입니다. 이 값은 높은 순위로 탐색에 사용됩니다.</param>
            <param name="t">검색을 수행할 대상 타입을 표현하는 객체입니다.</param><remarks>
			<paramref name="t" />가 <see cref="P:System.Type.IsGenericTypeDefinition" />를 True로 표시하면 이 메소드는 항상 실패합니다.
		</remarks>
        </member>
        <member name="M:fluxiolib.FluxTool.GetInstanceFieldList_Unsafe(System.Type,fluxiolib.ProtFlags,fluxiolib.TypeFlags,fluxiolib.FluxSearchSpace)">
            <summary>
			주어진 조건에 따라 필터링하여 지정된 형식의 모든 필드를 조회합니다.
		</summary><returns>
			주어진 조건으로 필터링을 수행하는 열거자 객체의 참조입니다. 조건에 맞는 필드가 없거나, 메소드가 실패하면 빈 배열에 대한 열거자 객체의 참조입니다.
		</returns>
            <param name="protection">찾고자하는 필드의 접근제한자 특징 마스크입니다. 이 값은 보통 우선 순위로 탐색에 사용됩니다.</param><param name="cortype">찾고자하는 필드의 타입 특징 마스크입니다. 이 값은 보통 우선 순위로 탐색에 사용됩니다.</param><param name="space">찾고자하는 필드의 검색 공간 범위 입니다. 이 값은 높은 순위로 탐색에 사용됩니다.</param>
            <param name="t">검색을 수행할 대상 타입을 표현하는 객체입니다.</param><remarks>
			<see cref="T:System.Runtime.CompilerServices.Unsafe">이 API는 매개변수나 개체 상태의 유효성을 검사하지 않습니다.</see>
		</remarks>
        </member>
        <member name="M:fluxiolib.FluxTool.GetFieldNames``1">
            <summary>
			지정된 형식의 모든 필드 이름을 조회합니다.
		</summary><returns>
			필드 이름의 문자열 목록입니다. 아무런 필드도 찾지 못한 경우, 빈 배열입니다.
		</returns>
            <typeparam name="T">검색을 수행할 대상 유형(Type)입니다.</typeparam>
        </member>
        <member name="M:fluxiolib.FluxTool.GetFieldNames(System.Type)">
            <summary>
			지정된 형식의 모든 필드 이름을 조회합니다.
		</summary><returns>
			필드 이름의 문자열 목록입니다. 아무런 필드도 찾지 못한 경우, 빈 배열입니다.
		</returns>
            <param name="t">검색을 수행할 대상 타입을 표현하는 객체입니다.</param>
        </member>
        <member name="M:fluxiolib.FluxTool.GetFieldNames_Unsafe(System.Type,fluxiolib.ProtFlags,fluxiolib.TypeFlags,fluxiolib.FluxSearchSpace)">
            <summary>
			지정된 형식의 모든 필드 이름을 조회합니다.
		</summary><returns>
			필드 이름의 문자열 목록입니다. 아무런 필드도 찾지 못한 경우, 빈 배열입니다.
		</returns>
            <param name="protection">찾고자하는 필드의 접근제한자 특징 마스크입니다. 이 값은 보통 우선 순위로 탐색에 사용됩니다.</param><param name="cortype">찾고자하는 필드의 타입 특징 마스크입니다. 이 값은 보통 우선 순위로 탐색에 사용됩니다.</param><param name="space">찾고자하는 필드의 검색 공간 범위 입니다. 이 값은 높은 순위로 탐색에 사용됩니다.</param>
            <param name="t">검색을 수행할 대상 타입을 표현하는 객체입니다.</param>
        </member>
        <member name="T:fluxiolib.ProtFlags">
            <summary>
            필드의 접근 제한자 수준을 나타냅니다.
            </summary>
        </member>
        <member name="F:fluxiolib.ProtFlags.Invalid">
            <summary>
            잘못된 접근제한자
            </summary>
        </member>
        <member name="F:fluxiolib.ProtFlags.Private">
            <summary>
            <see langword="private"/>
            </summary>
        </member>
        <member name="F:fluxiolib.ProtFlags.FamilyANDAssembly">
            <summary>
            <see langword="private protected"/> -OR- <see langword="protected private"/>
            </summary>
        </member>
        <member name="F:fluxiolib.ProtFlags.Assembly">
            <summary>
            <see langword="internal"/>
            </summary>
        </member>
        <member name="F:fluxiolib.ProtFlags.Family">
            <summary>
            <see langword="protected"/>
            </summary>
        </member>
        <member name="F:fluxiolib.ProtFlags.FamilyORAssembly">
            <summary>
            <see langword="protected internal"/> -OR- <see langword="internal protected"/>
            </summary>
        </member>
        <member name="F:fluxiolib.ProtFlags.Public">
            <summary>
            <see langword="public"/>
            </summary>
        </member>
        <member name="F:fluxiolib.ProtFlags.All">
            <summary>
            Select all
            </summary>
        </member>
        <member name="F:fluxiolib.ProtFlags.NonPublic">
            <summary>
            Select all that is not public.
            </summary>
        </member>
        <member name="F:fluxiolib.ProtFlags.ExternAccessible">
            <summary>
            Select all that can be accessed in a legal way from outside the assembly.
            </summary>
            <remarks>
            Same as: <see cref="F:fluxiolib.ProtFlags.Public"/> | <see cref="F:fluxiolib.ProtFlags.FamilyORAssembly"/> | <see cref="F:fluxiolib.ProtFlags.Family"/>
            </remarks>
        </member>
        <member name="F:fluxiolib.ProtFlags.NonExternAccessible">
            <summary>
            Select all that cannot be accessed in a legal way from outside the assembly.
            </summary>
            <remarks>
            Same as: <see cref="F:fluxiolib.ProtFlags.Private"/> | <see cref="F:fluxiolib.ProtFlags.FamilyANDAssembly"/> | <see cref="F:fluxiolib.ProtFlags.Assembly"/>
            </remarks>
        </member>
        <member name="T:fluxiolib.StringMatchType">
            <summary>
            문자열 매칭의 유형을 나타냅니다
            </summary>
            <remarks>
            이 값은 Flag하지 않으므로, 반드시 하나의 값만 사용하십시오.
            </remarks>
        </member>
        <member name="F:fluxiolib.StringMatchType.Default">
            <summary>
            두 문자열을 기본 비교합니다. 이 방식은 left == right 또는, left.SequentialEqual(right)와 같습니다.
            </summary>
        </member>
        <member name="F:fluxiolib.StringMatchType.LengthGreaterThan">
            <summary>
            입력 문자열의 길이가 지정된 문자열의 길이를 초과하는지 검사합니다.
            </summary>
        </member>
        <member name="F:fluxiolib.StringMatchType.LengthLessThan">
            <summary>
            입력 문자열의 길이가 지정된 문자열의 길이보다 더 짧은지 검사합니다.
            </summary>
        </member>
        <member name="F:fluxiolib.StringMatchType.LengthEqual">
            <summary>
            입력 문자열의 길이가 지정된 문자열의 길이와 완전히 동일한 지 검사합니다.
            </summary>
        </member>
        <member name="F:fluxiolib.StringMatchType.Contains">
            <summary>
            입력 문자열에 지정된 문자열이 포함되는지 검사합니다.
            </summary>
        </member>
        <member name="F:fluxiolib.StringMatchType.StartsWith">
            <summary>
            입력 문자열이 지정된 문자열로 시작되는지 검사합니다.
            </summary>
        </member>
        <member name="F:fluxiolib.StringMatchType.EndsWith">
            <summary>
            입력 문자열이 지정된 문자열로 끝나는지 검사합니다.
            </summary>
        </member>
        <member name="F:fluxiolib.StringMatchType.AnyAccept">
            <summary>
            지정된 문자열을 무시하고, 모든 입력 문자열을 수락합니다.
            </summary>
        </member>
        <member name="F:fluxiolib.StringMatchType.Reserved">
            <summary>
            이 값은 다른 용도로 사용이 예약돼있습니다.
            </summary>
        </member>
        <member name="T:fluxiolib.TypeFlags">
            <summary>
            필드의 CorElementType 유형을 나타냅니다.
            </summary>
        </member>
        <member name="F:fluxiolib.TypeFlags.INVALID">
            <summary>
            잘못된 유형
            </summary>
        </member>
        <member name="F:fluxiolib.TypeFlags.BOOLEAN">
            <summary>
            <see cref="T:System.Boolean"/>. "System.Boolean"
            </summary>
        </member>
        <member name="F:fluxiolib.TypeFlags.CHAR">
            <summary>
            <see cref="T:System.Char"/>. "System.Char"
            </summary>
        </member>
        <member name="F:fluxiolib.TypeFlags.I1">
            <summary>
            <see cref="T:System.SByte"/>. "System.SByte"
            </summary>
        </member>
        <member name="F:fluxiolib.TypeFlags.U1">
            <summary>
            <see cref="T:System.Byte"/>. "System.Byte"
            </summary>
        </member>
        <member name="F:fluxiolib.TypeFlags.I2">
            <summary>
            <see cref="T:System.Int16"/>. "System.Int16"
            </summary>
        </member>
        <member name="F:fluxiolib.TypeFlags.U2">
            <summary>
            <see cref="T:System.UInt16"/>. "System.Int16"
            </summary>
        </member>
        <member name="F:fluxiolib.TypeFlags.I4">
            <summary>
            <see cref="T:System.Int32"/>. "System.Int32"
            </summary>
        </member>
        <member name="F:fluxiolib.TypeFlags.U4">
            <summary>
            <see cref="T:System.UInt32"/>. "System.Int32"
            </summary>
        </member>
        <member name="F:fluxiolib.TypeFlags.I8">
            <summary>
            <see cref="T:System.Int64"/>. "System.Int64"
            </summary>
        </member>
        <member name="F:fluxiolib.TypeFlags.U8">
            <summary>
            <see cref="T:System.UInt64"/>. "System.UInt64"
            </summary>
        </member>
        <member name="F:fluxiolib.TypeFlags.R4">
            <summary>
            <see cref="T:System.Single"/>. "System.Single"
            </summary>
        </member>
        <member name="F:fluxiolib.TypeFlags.R8">
            <summary>
            <see cref="T:System.Double"/>. "System.Double"
            </summary>
        </member>
        <member name="F:fluxiolib.TypeFlags.PTR">
            <summary>
            pointer
            </summary>
        </member>
        <member name="F:fluxiolib.TypeFlags.VALUETYPE">
            <summary>
            <see langword="struct"/> types
            </summary>
        </member>
        <member name="F:fluxiolib.TypeFlags.CLASS">
            <summary>
            <see langword="class"/> types.
            </summary>
        </member>
        <member name="F:fluxiolib.TypeFlags.I">
            <summary>
            <see cref="T:System.IntPtr"/>. native int. "System.IntPtr"
            </summary>
        </member>
        <member name="F:fluxiolib.TypeFlags.U">
            <summary>
            <see cref="T:System.UIntPtr"/>. native uint. "System.UIntPtr"
            </summary>
        </member>
        <member name="F:fluxiolib.TypeFlags.FNPTR">
            <summary>
            <see langword="delegate"/>*. delegate pointer (function pointer)
            </summary>
        </member>
        <member name="F:fluxiolib.TypeFlags.AllSizeOf1">
            <summary>
            All types that satisfy '<see langword="sizeof"/>(T) == 1'
            </summary>
        </member>
        <member name="F:fluxiolib.TypeFlags.AllSizeOf2">
            <summary>
            All types that satisfy '<see langword="sizeof"/>(T) == 2'
            </summary>
        </member>
        <member name="F:fluxiolib.TypeFlags.AllSizeOf4">
            <summary>
            All types that satisfy '<see langword="sizeof"/>(T) == 4'
            </summary>
        </member>
        <member name="F:fluxiolib.TypeFlags.AllSizeOf8">
            <summary>
            All types that satisfy '<see langword="sizeof"/>(T) == 8'
            </summary>
        </member>
        <member name="F:fluxiolib.TypeFlags.AllSizeOfPTR">
            <summary>
            All types that satisfy '<see langword="sizeof"/>(T) == <see langword="sizeof"/>(<see cref="T:System.IntPtr"/>)'
            </summary>
        </member>
        <member name="F:fluxiolib.TypeFlags.Primitive">
            <summary>
            All primitive types. (e..g: byte, char, int, long, float, double, nint...)
            </summary>
            <remarks>
            The .NET built-in reference types(<see cref="T:System.String"/> and <see cref="T:System.Object"/>) are not primitive.
            </remarks>
        </member>
        <member name="F:fluxiolib.TypeFlags.AllUnmanaged">
            <summary>
            All unmanaged types.
            </summary>
            <remarks>
            Includes all primitive types and pointer types.
            </remarks>
        </member>
        <member name="F:fluxiolib.TypeFlags.AllManaged">
            <summary>
            All managed types.
            </summary>
            <remarks>
            Same as: '<see cref="F:fluxiolib.TypeFlags.CLASS"/> | <see cref="F:fluxiolib.TypeFlags.VALUETYPE"/>'
            </remarks>
        </member>
        <member name="F:fluxiolib.TypeFlags.AllValuetype">
            <summary>
            All value types.
            </summary>
            <remarks>
            Same as: '<see cref="F:fluxiolib.TypeFlags.AllUnmanaged"/> | <see cref="F:fluxiolib.TypeFlags.VALUETYPE"/>'
            </remarks>
        </member>
        <member name="F:fluxiolib.TypeFlags.ALL">
            <summary>
            All types
            </summary>
        </member>
        <member name="F:fluxiolib.TypeFlags.CorElementType_TYPE_ANY">
            <summary>
            Selects any type, including hidden types. (Not a recommended option)
            </summary>
        </member>
        <member name="T:fluxiolib.SStringUtf8">
            <summary>
            간단한 UTF8 문자열.
            </summary>
            <remarks>
            이 구조체는 다른 UTF8 문자열들에 대하여 비교를 수행하기 위한 목적으로 사용됩니다.
            </remarks>
        </member>
        <member name="P:fluxiolib.SStringUtf8.AnyAccept">
            <summary>
            모든 문자열을 수락하는 <see cref="T:fluxiolib.SStringUtf8"/>을(를) 반환합니다.
            </summary>
        </member>
        <member name="M:fluxiolib.SStringUtf8.#ctor(System.ReadOnlySpan{System.Byte},fluxiolib.StringMatchType)">
            <summary>
            UTF8 인코딩 문자열과 <see cref="T:fluxiolib.StringMatchType" />으로부터 <see cref="T:fluxiolib.SStringUtf8" />을 초기화합니다.
        </summary><param name="utf8String">UTF8 인코딩된 문자열</param>
            <param name="type">
            다른 문자열과 <paramref name="utf8String" />을 비교할 때, 사용할 동작의 유형을 지정합니다.
        </param>
            <example>
			<code>
// Same as: left, input, other
SStringUtf8 other = "hello, world!"u8;
 
// Same as: right, compare, me
SStringUtf8 me = new SStringUtf8("hello"u8, StringMatchType.StartsWith);
 
bool r1 = me.Match(other); // TRUE
 
bool r2 = other.Match(me); // FALSE
			</code>
        </example>
        </member>
        <member name="M:fluxiolib.SStringUtf8.#ctor(System.ReadOnlySpan{System.Char},fluxiolib.StringMatchType)">
            <summary>
            UTF16 인코딩 문자열과 <see cref="T:fluxiolib.StringMatchType" />으로부터 <see cref="T:fluxiolib.SStringUtf8" />을 초기화합니다.
        </summary><param name="utf16String">UTF8 인코딩된 문자열</param><param name="type">
            다른 문자열과 <paramref name="utf16String" />을 비교할 때, 사용할 동작의 유형을 지정합니다.
        </param>
            <example>
			<code>
// Same as: left, input, other
SStringUtf8 other = "hello, world!";
 
// Same as: right, compare, me
SStringUtf8 me = new SStringUtf8("hello", StringMatchType.StartsWith);
 
bool r1 = me.Match(other); // TRUE
 
bool r2 = other.Match(me); // FALSE
			</code>
		</example>
        </member>
        <member name="M:fluxiolib.SStringUtf8.#ctor(System.ReadOnlySpan{System.Byte},)">
            <summary>
            UTF8 인코딩 문자열과 <see cref="T:fluxiolib.StringMatchType" />으로부터 <see cref="T:fluxiolib.SStringUtf8" />을 초기화합니다.
        </summary><param name="utf8String">UTF8 인코딩된 문자열</param>
            <param name="fpMatch">
            두 문자열의 비교에 사용할 함수 포인터 콜백입니다. 
            <para />
            시그니처: <see langword="bool" /> fpMatch(<see langword="in" /> <see cref="T:System.ReadOnlySpan`1" /> other, <see langword="in" /> <see cref="T:System.ReadOnlySpan`1" /> <paramref name="utf8String" />);
            </param>
            <example>
			<code>
// Same as: left, input, other
SStringUtf8 other = "hello, world!"u8;
 
// Same as: right, compare, me
SStringUtf8 me = new SStringUtf8("world!"u8, &amp;MyCallback);
 
bool r1 = me.Match(other); // TRUE
 
bool r2 = other.Match(me); // FALSE
...
// skip
...
private static bool MyCallback(in ReadOnlySpan&lt;byte&gt; other, in ReadOnlySpan&lt;byte&gt; me)
{
  return other.EndsWith(me);
}
			</code>
		</example>
        </member>
        <member name="P:fluxiolib.SStringUtf8.Length">
            <summary>
            UTF8 인코딩된 문자열의 길이입니다.
            </summary>
        </member>
        <member name="P:fluxiolib.SStringUtf8.Item(System.Int32)">
            <summary>
            UTF8 인코딩된 문자열에서 지정된 위치의 하나의 문자를 읽습니다.
            </summary>
            <param name="index">읽을 문자의 위치</param>
            <returns>읽은 문자입니다.</returns>
        </member>
        <member name="M:fluxiolib.SStringUtf8.DebugView(fluxiolib.SStringUtf8@)">
            <summary>
            아무런 기능이 없는 정적 메소드. 오로지 디버깅을 위해 사용됩니다. (변수가 사용되는 것으로 위장하기 위함)
            </summary>
        </member>
        <member name="T:fluxiolib.FluxRuntimeFieldDesc">
            <summary>
            <see cref="T:System.RuntimeFieldHandle"/>의 핸들로 부터 필드 정보를 간단하게 서술합니다.
            </summary>
        </member>
        <member name="M:fluxiolib.FluxRuntimeFieldDesc.#ctor(System.RuntimeFieldHandle)">
            <summary>
            새로운 <see cref="T:fluxiolib.FluxRuntimeFieldDesc"/> 구조체를 초기화합니다.
            </summary>
            <param name="fdHandle">이 구조체를 초기화할 때 사용할 필드 핸들</param>
        </member>
        <member name="P:fluxiolib.FluxRuntimeFieldDesc.IsNull">
            <summary>
            이 구조체가 <see langword="null"/>을 나타내는지 여부를 가져옵니다.
            </summary>
        </member>
        <member name="P:fluxiolib.FluxRuntimeFieldDesc.FieldCorType">
            <summary>
            이 필드의 CorElementType을 가져옵니다.
            </summary>
        </member>
        <member name="P:fluxiolib.FluxRuntimeFieldDesc.FieldAccessModifier">
            <summary>
            이 필드의 접근제한자 수준을 가져옵니다.
            </summary>
        </member>
        <member name="P:fluxiolib.FluxRuntimeFieldDesc.FieldOffset">
            <summary>
            이 필드의 오프셋을 가져옵니다. <see cref="P:fluxiolib.FluxRuntimeFieldDesc.IsNull"/> = <see langword="true"/> 일 경우, <c>-1</c> 입니다.
            </summary>
        </member>
        <member name="P:fluxiolib.FluxRuntimeFieldDesc.FieldAccessor">
            <summary>
            이 필드에 대한 <see cref="T:fluxiolib.UnsafeFieldAccessor"/>를 가져옵니다.
            <see cref="P:fluxiolib.FluxRuntimeFieldDesc.IsNull"/> = <see langword="true"/> 일 경우, 오프셋은 <c>-1</c> 입니다.
            </summary>
        </member>
        <member name="P:fluxiolib.FluxRuntimeFieldDesc.ApproxEnclosingMethodTable">
            <summary>
            이 필드의 메소드 테이블 포인터를 가져옵니다.
            </summary>
        </member>
        <member name="P:fluxiolib.FluxRuntimeFieldDesc.ApproxDeclaringType">
            <summary>
            이 필드가 선언된 유형(Type)을 가져옵니다.
            </summary>
        </member>
        <member name="M:fluxiolib.FluxRuntimeFieldDesc.GetUtf8NameAsSpanWithoutCaching">
            <summary>
            이 필드의 이름을 캐싱하지 않고, <see cref="T:System.ReadOnlySpan`1"/> 유형으로 읽습니다.
            </summary>
            <returns>UTF8 인코딩된 필드 이름입니다. 이름을 가져오는데에 실패한 경우 길이는 0입니다.</returns>
        </member>
        <member name="M:fluxiolib.FluxRuntimeFieldDesc.GetNameWithoutCaching">
            <summary>
            이 필드의 이름을 캐싱하지 않고, UTF8 인코딩을 사용하여 <see cref="T:System.String"/>으로 변환하여 읽습니다.
            </summary>
            <returns>이 필드의 이름입니다. 이름을 가져오는데에 실패한 경우 길이는 0입니다.</returns>
        </member>
        <member name="M:fluxiolib.FluxRuntimeFieldDesc.GetSafeFieldAccessor">
            <summary>
            이 필드에 대한 타입 제약이 포함된 데이터 접근자를 가져옵니다.
            </summary>
            <returns>타입 제약이 포함된 데이터 접근자 입니다.</returns>
            <exception cref="T:System.InvalidOperationException"><see cref="P:fluxiolib.FluxRuntimeFieldDesc.ApproxDeclaringType"/>이 null이거나 잘못된 형식(Type)이면 이 메소드가 실패하고, 예외가 발생합니다.</exception>
        </member>
        <member name="T:fluxiolib.FluxSearchSpace">
            <summary>
            검색할 필드의 범위를 설정합니다.
            </summary>
        </member>
        <member name="M:fluxiolib.FluxSearchSpace.#ctor(System.Index,System.Int32,System.Boolean)">
            <summary>
            새로운 <see cref="T:fluxiolib.FluxSearchSpace"/>를 초기화합니다.
            </summary>
            <param name="start">검색을 시작할 위치입니다.</param>
            <param name="count"><paramref name="start"/>위치 부터 검색할 개수입니다. 0을 지정하면, 자동으로 개수를 설정합니다.</param>
            <param name="isConstrained">
            상위 유형(Type)으로 확장하여 검색하는 것에 제약을 사용할 지 여부입니다.
            True를 지정하면, 현재 유형에서만 검색을 수행합니다.
            </param>
        </member>
        <member name="M:fluxiolib.FluxSearchSpace.#ctor(System.Index,System.Boolean)">
            <summary>
            새로운 <see cref="T:fluxiolib.FluxSearchSpace"/>를 초기화합니다.
            </summary>
            <param name="start">검색을 시작할 위치입니다.</param>
            <param name="isConstrained">
            상위 유형(Type)으로 확장하여 검색하는 것에 제약을 사용할 지 여부입니다.
            True를 지정하면, 현재 유형에서만 검색을 수행합니다.
            </param>
        </member>
        <member name="T:fluxiolib.TypedFieldAccessor">
            <summary>
            타입 제약을 포함하여 보다 안전하게 사용가능한 FieldAccessor.
            </summary>
        </member>
        <member name="M:fluxiolib.TypedFieldAccessor.ValueDirect``2(``0@)">
            <summary>
			구조체 형식의 참조에서 필드 데이터를 읽습니다.
		</summary><typeparam name="TStruct">필드 데이터를 읽을 대상 구조체의 형식(Type)입니다.</typeparam>
            <typeparam name="TField">필드의 형식입니다.</typeparam><param name="reference">필드 데이터를 읽을 대상 객체의 참조입니다.</param><returns>필드 데이터의 참조입니다.</returns>
        </member>
        <member name="M:fluxiolib.TypedFieldAccessor.Value``1(System.Object)">
            <summary>
			<paramref name="reference" /> 참조에서 필드 데이터를 읽습니다.
		</summary>
            <typeparam name="TField">필드의 형식입니다.</typeparam><param name="reference">필드 데이터를 읽을 대상 객체의 참조입니다.</param><returns>필드 데이터의 참조입니다.</returns>
        </member>
        <member name="M:fluxiolib.TypedFieldAccessor.Value``1(System.TypedReference)">
            <summary>
			<paramref name="reference" /> 참조에서 필드 데이터를 읽습니다.
		</summary>
            <typeparam name="TField">필드의 형식입니다.</typeparam><param name="reference">필드 데이터를 읽을 대상 객체의 참조입니다.</param><returns>필드 데이터의 참조입니다.</returns>
        </member>
        <member name="M:fluxiolib.TypedFieldAccessor.AsUnsafeAccessor">
            <summary>
            <see cref="T:fluxiolib.UnsafeFieldAccessor"/>로 변환합니다.
            </summary>
            <returns>타입 제약 및 유효성 검사가 포함되지 않는 고속 FieldAccessor인 <see cref="T:fluxiolib.UnsafeFieldAccessor"/> 입니다.</returns>
        </member>
        <member name="M:fluxiolib.TypedFieldAccessor.Create(System.RuntimeFieldHandle)">
            <summary>
            새로운 <see cref="T:fluxiolib.TypedFieldAccessor"/>를 만듭니다.
            </summary>
            <param name="fdHandle">접근하고자하는 필드의 핸들입니다.</param>
            <returns>만들어진 <see cref="T:fluxiolib.TypedFieldAccessor"/> 객체</returns>
            <exception cref="T:System.ArgumentException"><paramref name="fdHandle"/>가 속한 타입을 알 수 없습니다.</exception>
        </member>
        <member name="M:fluxiolib.TypedFieldAccessor.Create(System.Reflection.FieldInfo)">
            <summary>
            새로운 <see cref="T:fluxiolib.TypedFieldAccessor"/>를 만듭니다.
            </summary>
            <param name="fdInfo">접근하고자하는 필드의 정보입니다.</param>
            <returns>만들어진 <see cref="T:fluxiolib.TypedFieldAccessor"/> 객체</returns>
        </member>
        <member name="T:fluxiolib.UnsafeFieldAccessor">
            <summary>
            타입 제약을 포함하지 않는 고속 필드 접근자(FieldAccessor) 객체입니다.
            </summary>
            <remarks>
			<see cref="T:System.Runtime.CompilerServices.Unsafe">이 API는 매개변수의 유효성을 검사하지 않습니다.</see>
		</remarks>
        </member>
        <member name="P:fluxiolib.UnsafeFieldAccessor.Offset">
            <summary>
            이 필드 접근자가 가진 필드 오프셋입니다.
            </summary>
            <returns>
            필드 오프셋.
            이 필드 접근자가 유효하지 않을 때, 반환 값은 음수입니다.
            </returns>
            <remarks>
			<see cref="T:System.Runtime.CompilerServices.Unsafe">이 API는 매개변수의 유효성을 검사하지 않습니다.</see>
		</remarks>
        </member>
        <member name="M:fluxiolib.UnsafeFieldAccessor.ValueDirect``2(``0@)">
            <summary>
			구조체 형식의 참조에서 필드 데이터를 읽습니다.
		</summary><typeparam name="TStruct">필드 데이터를 읽을 대상 구조체의 형식(Type)입니다.</typeparam>
            <typeparam name="TField">필드의 형식입니다.</typeparam><param name="reference">필드 데이터를 읽을 대상 객체의 참조입니다.</param><returns>필드 데이터의 참조입니다.</returns>
            <remarks>
			<see cref="T:System.Runtime.CompilerServices.Unsafe">이 API는 매개변수의 유효성을 검사하지 않습니다.</see>
		</remarks>
        </member>
        <member name="M:fluxiolib.UnsafeFieldAccessor.Value``1(System.Object)">
            <summary>
			<paramref name="reference" /> 참조에서 필드 데이터를 읽습니다.
		</summary>
            <typeparam name="TField">필드의 형식입니다.</typeparam><param name="reference">필드 데이터를 읽을 대상 객체의 참조입니다.</param><returns>필드 데이터의 참조입니다.</returns>
            <remarks>
			<see cref="T:System.Runtime.CompilerServices.Unsafe">이 API는 매개변수의 유효성을 검사하지 않습니다.</see>
		</remarks>
        </member>
        <member name="M:fluxiolib.UnsafeFieldAccessor.Value``1(System.Byte@)">
            <summary>
			<paramref name="reference" /> 참조에서 필드 데이터를 읽습니다.
		</summary>
            <typeparam name="TField">필드의 형식입니다.</typeparam><param name="reference">필드 데이터를 읽을 대상 객체의 참조입니다.</param><returns>필드 데이터의 참조입니다.</returns>
            <remarks>
			<see cref="T:System.Runtime.CompilerServices.Unsafe">이 API는 매개변수의 유효성을 검사하지 않습니다.</see>
		</remarks>
        </member>
        <member name="M:fluxiolib.Internal.FieldDescList.GetList(fluxiolib.Internal.MethodTable@)">
            <summary>
            필드 목록을 가져온다
            </summary>
            <param name="pMT">읽어들일 타입의 메소드 테이블 포인터</param>
            <returns>결과 배열이다. Pinned된 배열이므로 포인터로 접근해도 된다.</returns>
        </member>
        <member name="M:fluxiolib.Internal.FieldDescList.GetAllFields(fluxiolib.Internal.MethodTable@,fluxiolib.Internal.FieldDesc*,System.Int32*)">
            <summary>
            모든 필드 정보를 읽는다
            </summary>
            <param name="pMT">읽어들일 타입의 메소드 테이블 포인터</param>
            <param name="pBuffer_dst">결과를 저장할 대상 버퍼의 포인터</param>
            <param name="pCount_inout">결과가 저장될 버퍼의 크기, 이 메소드가 실패할 경우 이 값은 요구되는 최소 버퍼 크기가 기록된다</param>
            <returns>
            성공하면 true이다.
            실패한 경우, <paramref name="pCount_inout"/>에 필요한 버퍼 크기가 기록된다.
            </returns>
        </member>
        <member name="M:fluxiolib.Internal.FieldDescList.GetInstanceFieldQuick(fluxiolib.Internal.MethodTable@,fluxiolib.Internal.FluxMemberFilter@,fluxiolib.SStringUtf8)">
            <summary>
            필드를 특징 필터를 사용하여, 고속으로 검색합니다.
            </summary>
            <param name="pMT">읽어들일 타입의 메소드 테이블 포인터</param>
            <param name="pFilter_in">필드 필터를 수행할 필터 정보를 담은 객체</param>
            <param name="name">필드 이름으로 매칭하기 위한 이름</param>
            <returns>필드를 찾은 경우 null이 아님</returns>
            <remarks>
            이 API는 이름으로 매칭하는 것을 최저 우선순위로 하여, 접근제한자와 타입으로 먼저 매칭을 수행합니다.
            만약, 접근제한자와 타입 매칭이 ALL로 표시된 경우 이 API는 이름으로 매칭하는 것과 같으며, 단순히 이름으로 매칭하는것보다 더 느려집니다.
            </remarks>
        </member>
        <member name="M:fluxiolib.Internal.EEClass.getValue(System.UInt32*)">
            <summary>
            <see cref="F:fluxiolib.Internal.EEClass.AttrClass"/> 이상의 필드에 액세스할 때, OS에 종속적인 오프셋 접근을 계산하여 값을 읽습니다
            </summary>
        </member>
    </members>
</doc>
